UUID_v4,repo,location,path,translation_needed,type,english,translation,Icelandic,context,key,delim,emoji,formating_exists
00918805-65ec-4530-bd73-8bf08face8b4,qa-crowdsourcing-app,src/components/atoms/cards/AnswerItem/index,qa-crowdsourcing-app/src/components/atoms/cards/AnswerItem/index,yes,text,user,user,notandi,A noun refering to the user,[[translation:00918805-65ec-4530-bd73-8bf08face8b4]],/,No,No
018ec61e-740e-47e3-8a65-77dd4d6f9ce1,qa-crowdsourcing-app,src/components/organisms/Game/ReviewAnswer/index.tsx,qa-crowdsourcing-app/src/components/organisms/Game/ReviewAnswer/index.tsx,yes,prompt,"Is the answer ""Yes""?","Is the answer ""Yes""?",Hvort er svari√∞ j√° e√∞a nei?,"This is shown to a user when evaluating an ""Yes/No"" answer. The question is asking the user whether the answer to the ""Yes/No"" question is ""Yes"". For example, if a user is asked ""Is water wet"" then they would respond with ""Yes""",[[translation:018ec61e-740e-47e3-8a65-77dd4d6f9ce1]],/,No,No
02fe5731-80ab-4216-8cac-1e93b6ba7f28,qa-crowdsourcing-app,src/components/organisms/Game/SelectSpan/index.tsx,qa-crowdsourcing-app/src/components/organisms/Game/SelectSpan/index.tsx,yes,title,Select answer snippet,Select answer snippet,Veldu fyrsta staf,"Instructions telling the user to select the first character of an answer span during the select span stage. This is a title so keep it short, and you can assume that there is more context on the screen for the user.",[[translation:02fe5731-80ab-4216-8cac-1e93b6ba7f28]],/,No,No
03af4942-c4db-4120-afec-b219ad306322,qa-crowdsourcing-api,src/routes/api/announcement/interface.ts,qa-crowdsourcing-api/src/routes/api/announcements/interface.ts,yes,text,Thursday,Thursday,fimmtudag,A day of the week,[[translation:03af4942-c4db-4120-afec-b219ad306322]],/,No,No
069990cf-44ef-4c10-aa6f-67ceef76f5b1,qa-crowdsourcing-app,src/components/organisms/Overlay/Motivation/index.tsx,qa-crowdsourcing-app/src/components/organisms/Overlay/Motivation/index.tsx,maybe,prizes / text,"Open the ""Prizes"" tab for more information","Open the ""Prizes"" tab for more information",Sko√∞a√∞u ver√∞launaflipann fyrir meiri uppl√Ωsingar.,Not necessary if not implementing prizes. This text tells the user how to see more information for prizes. ,[[translation:069990cf-44ef-4c10-aa6f-67ceef76f5b1]],/,No,No
0af7678c-3379-41f2-8839-5c2aaa0f9131,qa-crowdsourcing-app,,,yes,button,Create a new account,Create a new account,B√∫a til n√Ωjan a√∞gang,Button to access the registration view,[[translation:0af7678c-3379-41f2-8839-5c2aaa0f9131]],/,No,No
0bc8ab5f-2076-4a8f-8d2d-7c0309fc19ac,qa-crowdsourcing-api-retag,,,yes,prizes / text,The Winners,The Winners,Vinningshafar,Not necessary when not implementing prizes. This is a part of an automatic email sent to game admins that selects winners based on the chests / prize categories,[[translation:0bc8ab5f-2076-4a8f-8d2d-7c0309fc19ac]],,No,No
0f0ba1ba-3b00-44ba-9114-f68902c5ec0c,qa-crowdsourcing-app,src/services/Chests/index.ts,qa-crowdsourcing-app/src/services/Chests/index.ts,maybe,prizes / text ,Pro,Pro,El√≠tan,Not necessary if not implementing prizes. This text refers to a prize category / chest that a user can unlock. Prize category (4/5),[[translation:0f0ba1ba-3b00-44ba-9114-f68902c5ec0c]],/,No,No
106400a5-1f09-4bea-9459-0c5704fa8450,qa-crowdsourcing-app,,,yes,form,me@example.com,me@example.com,eg@netfang.is,"An email used as ""placeholder"" in email inputs in the app",[[translation:106400a5-1f09-4bea-9459-0c5704fa8450]],/,No,No
1259ccfc-ae1b-458e-8faa-e4e991ccc0b0,qa-crowdsourcing-app,,,yes,button,Confirm,Confirm,Sam√æykkja,Button Text,[[translation:1259ccfc-ae1b-458e-8faa-e4e991ccc0b0]],/,No,No
15a0c52c-dfa3-40a6-a7af-b67dee25ecd3,qa-crowdsourcing-app,src/components/atoms/Cards/PrizeCategory/index.tsx,qa-crowdsourcing-app/src/components/atoms/Cards/PrizeCategory/index.tsx,maybe,prizes / text,You are eligible for this prize!,You are eligible for this prize!,√û√∫ ert komin/n √≠ pottinn.,Not necessary if not implementing prices. This text tells a user that they're eligible for a specific reward,[[translation:15a0c52c-dfa3-40a6-a7af-b67dee25ecd3]],/,No,No
17b6284a-7cac-430b-9815-705e1737a072,qa-crowdsourcing-app,src/components/atoms/cards/AnswerItem/index,qa-crowdsourcing-app/src/components/atoms/cards/AnswerItem/index,yes,button,Yes,Yes,J√°,"A direct translation of ""Yes"" that might be shown e.g. in menu interfaces",[[translation:17b6284a-7cac-430b-9815-705e1737a072]],/,No,No
185b1e6a-ca25-4538-ab83-a2e719f7199d,qa-crowdsourcing-app,src/services/Chests/index.ts,qa-crowdsourcing-app/src/services/Chests/index.ts,maybe,prizes / text,Regular,Regular,√ötvaldir,Not necessary if not implementing prizes. This text tells a user that they're eligible for a specific reward. Prize category (3/5),[[translation:185b1e6a-ca25-4538-ab83-a2e719f7199d]],/,No,No
18c8da55-7860-4348-8766-e590e138ed44,qa-crowdsourcing-api,src/routes/api/announcement/interface.ts,qa-crowdsourcing-api/src/routes/api/announcements/interface.ts,yes,text,June,June,j√∫n√≠,The month,[[translation:18c8da55-7860-4348-8766-e590e138ed44]],/,No,No
196be13e-e188-41fc-93d5-36a06102ddbb,qa-crowdsourcing-api-retag,,,yes,error,Sign in failed,Sign in failed,Innskr√°ning gekk ekki,An error telling the user that sign-in failed,[[translation:196be13e-e188-41fc-93d5-36a06102ddbb]],,No,No
1e33cec2-ccd7-47b8-bf86-e41ffa849df4,qa-crowdsourcing-app,src/services/UserLevels/index.ts,qa-crowdsourcing-app/src/services/UserLevels/index.ts,yes,avatar,Infant,Infant,Sm√°barn,This is a name of a particular avatar / user icon. This avatar is for the first few levels. This is the lowest avatar level - 1/7,[[translation:1e33cec2-ccd7-47b8-bf86-e41ffa849df4]],/,No,No
1fb62d22-838e-4219-aee8-1d41d53c5384,qa-crowdsourcing-api,src/models/Questions/index.ts,qa-crowdsourcing-api/src/models/Questions/index.ts,maybe,error,Question too short. Must be at least ${utils.MIN_WORD_COUNT} words.,Question too short. Must be at least ${utils.MIN_WORD_COUNT} words.,Question must be at least ${utils.MIN_WORD_COUNT} words,An error message telling users that their question is too short.,[[translation:1fb62d22-838e-4219-aee8-1d41d53c5384]],/,No,Yes
2181c771-6e4b-4250-880f-d27364c79f15,qa-crowdsourcing-app,src/components/organisms/Game/ReviewAnswer/index.tsx,qa-crowdsourcing-app/src/components/organisms/Game/ReviewAnswer/index.tsx,yes,text,Is the highlighted answer correct?,Is the highlighted answer correct?,Er svari√∞ r√©tt merkt?,A question shown to the user when they're asked to verify that the answer to a question is marked correctly,[[translation:2181c771-6e4b-4250-880f-d27364c79f15]],/,No,No
239e14d4-ee59-4ec9-8977-7c3daba674fa,qa-crowdsourcing-app,src/services/UserLevels/index.ts,qa-crowdsourcing-app/src/services/UserLevels/index.ts,yes,avatar,Wizard,Wizard,Galdrakall,This is a name of a particular avatar / user icon. This is for the last few levels when the user has completed alll levels. This is the highest avatar level - 7/7,[[translation:239e14d4-ee59-4ec9-8977-7c3daba674fa]],/,No,No
24d19692-d09f-40f5-8acf-05093c1b995a,qa-crowdsourcing-api,src/models/Users/index.ts,qa-crowdsourcing-api/src/models/Users/index.ts,yes,error,Password too short! Must be at least ${MIN_PW_LENGTH} characters,Password too short! Must be at least ${MIN_PW_LENGTH} characters,Lykilor√∞ ver√∞ur a√∞ vera amk. ${MIN_PW_LENGTH} stafir,An error message telling users that their password is too short,[[translation:24d19692-d09f-40f5-8acf-05093c1b995a]],/,No,No
261ecbc8-559f-4423-a0c0-22acc5a149f5,qa-crowdsourcing-app,src/components/organisms/Game/EndOfRound/index.tsx,qa-crowdsourcing-app/src/components/organisms/Game/EndOfRound/index.tsx,yes,text,"The more you play, the more points you collect. All the questions you ask and the answers you find will be used to train artificial intelligence to answer questions in [LANGUAGE]. ü§ñ","The more you play, the more points you collect. All the questions you ask and the answers you find will be used to train artificial intelligence to answer questions in [LANGUAGE]. ü§ñ","√ûv√≠ meira sem √æ√∫ spilar, √æv√≠ fleiri stigum safnar√∞u og √æv√≠ fleiri og flottari vinninga √°ttu m√∂guleika √° a√∞ vinna. Allar spurningarnar og sv√∂rin sem √æ√∫ b√Ωr√∞ til n√Ωtast til
√æess a√∞ kenna gervigreind a√∞ finna sv√∂r vi√∞ spurningum √° √≠slensku.ü§ñ",A motivating message shown to a user once they finish a particular level,[[translation:261ecbc8-559f-4423-a0c0-22acc5a149f5]],/,No,No
26c428fe-1b0b-4cc1-9c7f-e5cfadb97d2e,qa-crowdsourcing-app,src/services/Chests/index.ts,qa-crowdsourcing-app/src/services/Chests/index.ts,maybe,prizes / text,Newbie,Newbie,Kl√≠kan,Not necessary if not implementing prizes. This is the name of the second lowest prize category (2/5). ,[[translation:26c428fe-1b0b-4cc1-9c7f-e5cfadb97d2e]],/,No,No
2732e272-cd47-4bc5-8ff6-3c48d3f5e32b,qa-crowdsourcing-app,src/components/organisms/Game/GoogleSearch/index.tsx,qa-crowdsourcing-app/src/components/organisms/Game/GoogleSearch/index.tsx,yes,instruction,Select the article that you think is most likely to contain the answer,Select the article that you think is most likely to contain the answer,√û√∫ getur opna√∞ s√≠√∞urnar sem √æ√©r √æykir l√≠klegar. √û√∫ √æarft √æar a√∞ velja efnisgreinina sem inniheldur svari√∞.,Instruction show to the user after they've gotten search results from Google. It tells the user that they can pick whatever article they feel like are likely to contain the answer,[[translation:2732e272-cd47-4bc5-8ff6-3c48d3f5e32b]],/,No,No
27d82309-5af5-4387-8151-15bdbadf719b,qa-crowdsourcing-app,src/routing/routes.ts,qa-crowdsourcing-app/src/routing/routes.ts,yes,text,Community,Community,Samf√©lagi√∞,"A single word that captures the meaning of ""Community"" and can be used as a tab in the bottom navigation.",[[translation:27d82309-5af5-4387-8151-15bdbadf719b]],/,No,No
29930e79-e5a6-4a8a-80d9-aa1f28878b53,qa-crowdsourcing-app,,,yes,instruction,Tap the paragraph that contains the answer,Tap the paragraph that contains the answer,Smelltu √° efnisgreinina sem inniheldur svari√∞,During the google search stage a user will need to pick the paragraph in the article they found,[[translation:29930e79-e5a6-4a8a-80d9-aa1f28878b53]],,No,No
2a014aab-8a7c-43b4-9367-32d9424a9c65,qa-crowdsourcing-app,src/components/organisms/Overlay/PrizeAdvertisement/index.tsx,qa-crowdsourcing-app/src/components/organisms/Overlay/PrizeAdvertisement/index.tsx,maybe,prizes / text,You have a chane to win a [PRIZE NAME],You have a chane to win a [PRIZE NAME],M√∂guleiki √° a√∞ vinna,Not necessary if not implementing prizes. This tells a user that they have a chance to win a prize called [PRIZE NAME].,[[translation:2a014aab-8a7c-43b4-9367-32d9424a9c65]],/,No,No
2a119dcf-ebc7-4f75-a31a-e8097d857846,qa-crowdsourcing-api,src/routes/api/announcement/interface.ts,qa-crowdsourcing-api/src/routes/api/announcements/interface.ts,yes,text,Sunday,Sunday,sunnudag,A day of the week,[[translation:2a119dcf-ebc7-4f75-a31a-e8097d857846]],/,No,No
2b4898fe-9194-44f8-b29f-4b19309861dc,qa-crowdsourcing-app,src/components/organisms/Game/ReviewQuestion,qa-crowdsourcing-app/src/components/organisms/Game/ReviewQuestion,yes,prompt / text,Is the question unclear?,Is the question unclear?,Finnst √æ√©r spurningin vera √≥skiljanleg?,"Once a user has indicated that a question is difficult to understand, this prompt asks the user if they are sure about their indication.",[[translation:2b4898fe-9194-44f8-b29f-4b19309861dc]],/,No,No
2ce39965-d09b-4e3f-abc0-27556165de65,qa-crowdsourcing-api-retag,,,yes,notification / text,Other players have found answers to ${answerCount} of your questions!,Other players have found answers to ${answerCount} of your questions!,√û√∫ hefur fengi√∞ ${answerCount} sv√∂r!,Push notification sent to users daily when other users have answered their questions in the last 24h,[[translation:2ce39965-d09b-4e3f-abc0-27556165de65]],,No,No
2cff5e53-bb19-490b-8454-3e3fce014488,qa-crowdsourcing-api,src/models/Users/methods.ts,qa-crowdsourcing-api/src/models/Users/methods.ts,yes,error / text,You have already verified your account,You have already verified your account,√û√∫ ert n√∫√æegar b√∫in/n a√∞ sta√∞festa a√∞ganginn,An error message telling a user that their account has already been verified. ,[[translation:2cff5e53-bb19-490b-8454-3e3fce014488]],/,No,No
2e222ada-7c4c-4d4d-a131-c84d5f160cef,qa-crowdsourcing-app,src/components/atoms/cards/AnswerItem/index,qa-crowdsourcing-app/src/components/atoms/cards/AnswerItem/index,yes,error / text,Something went wrong üòî,Something went wrong üòî,villa kom upp,A general error,[[translation:2e222ada-7c4c-4d4d-a131-c84d5f160cef]],/,No,No
2ea52d7f-e7cc-423b-b7d1-6cb238fe4cf6,qa-crowdsourcing-app,,,yes,text,The verification code has been sent to,The verification code has been sent to,K√≥√∞i hefur veri√∞ sendur √°,"Shown to the user when they first see the account verification screen. Used in the context of ""The code has been sent to [EMAIL]""",[[translation:2ea52d7f-e7cc-423b-b7d1-6cb238fe4cf6]],,No,No
2f05d98d-7fde-45c7-ae46-b02abec5d246,qa-crowdsourcing-app,src/components/organisms/Game/ReviewAnswer/index.tsx,qa-crowdsourcing-app/src/components/organisms/Game/ReviewAnswer/index.tsx,yes,text,Is this a yes/no question?,Is this a yes/no question?,Er √æetta j√°/nei spurning?,"User is asked this when they're verifying a question. We want to know whether this question can be answered with just a ""yes"" or a ""no"" (or a ""maybe"").",[[translation:2f05d98d-7fde-45c7-ae46-b02abec5d246]],/,No,No
335c874b-ee4b-4a6c-af75-8ee692590f2b,qa-crowdsourcing-app,src/components/organisms/Users/ScoreCard/index.tsx,qa-crowdsourcing-app/src/components/organisms/Users/ScoreCard/index.tsx,maybe,title,Reviewed Questions,Reviewed Questions,Yfirfarnar spurningar,"This is a part of a users ""Scorecard"" where they can see the amount of reviewed questions",[[translation:335c874b-ee4b-4a6c-af75-8ee692590f2b]],/,No,No
339ca901-d88e-4e10-916a-95c54a4ed932,qa-crowdsourcing-api,src/models/Users/statics.ts,qa-crowdsourcing-api/src/models/Users/statics.ts,yes,error / text,Email and Password combination is incorrect.,Email and Password combination is incorrect.,No user with this email and password,"When trying to log in, users give an email and a password. If a user is not found given the credentials, this error is shown",[[translation:339ca901-d88e-4e10-916a-95c54a4ed932]],/,No,No
34467789-f91f-47ae-bb80-5e93fc150f20,qa-crowdsourcing-app,src/components/organisms/Game/Utils/SpanSelector/utils.ts,qa-crowdsourcing-app/src/components/organisms/Game/Utils/SpanSelector/utils.ts,yes,prompt / text,Please confirm your selected span,Please confirm your selected span,Smelltu √° ‚ÄûSta√∞festa‚Äú til √æess a√∞ sta√∞festa or√∞a val,A prompt shown to the user asking them to verify that the span selected is correct,[[translation:34467789-f91f-47ae-bb80-5e93fc150f20]],/,No,No
3472e80f-b8ef-4c51-85cc-9bf7124f8e79,qa-crowdsourcing-app,src/components/organisms/Users/ScoreCard/index.tsx,qa-crowdsourcing-app/src/components/organisms/Users/ScoreCard/index.tsx,maybe,text,These websites might contain the answer,These websites might contain the answer,Vefs√≠√∞ur me√∞ sv√∂rum,Shown to the user during the google search stage instructing them that the answer might be inside some of these webpages,[[translation:3472e80f-b8ef-4c51-85cc-9bf7124f8e79]],/,No,No
34f440f1-c872-4118-8f9b-d0ed5cefd6a1,qa-crowdsourcing-app,src/services/UserLevels/index.ts,qa-crowdsourcing-app/src/services/UserLevels/index.ts,yes,avatar,Student,Student,Nemandi,This is a name of a particular avatar / user icon. This is a mid-level icon,[[translation:34f440f1-c872-4118-8f9b-d0ed5cefd6a1]],/,No,No
34f78863-28db-4190-9668-2e09c265305c,qa-crowdsourcing-app,,,yes,text,You go back to Level 1,You go back to Level 1,√û√∫ byrjar aftur √≠ LVL 1,When users complete the gaim they are given prestige tokens. In that screen they are given a list (as a multiple bullet points) that tells the user what happens after they accept the prestige tokens. This is one of those bullet points.,[[translation:34f78863-28db-4190-9668-2e09c265305c]],,No,No
3672cd0c-cb34-4a3b-ad65-44816ee78012,qa-crowdsourcing-app,,,yes,text,You get bragging rights!,You get bragging rights!,√û√∫ getur unni√∞ √æ√©r inn fleiri s√¶ti √≠ hverri kistu,When users complete the gaim they are given prestige tokens. In that screen they are given a list (as a multiple bullet points) that tells the user what happens after they accept the prestige tokens. This is one of those bullet points.,[[translation:3672cd0c-cb34-4a3b-ad65-44816ee78012]],,No,No
37697751-2f22-4df1-b942-00ed6e525a4e,qa-crowdsourcing-app,,,yes,button,Forgot your password?,Forgot your password?,Gleymt lykilor√∞?,A button to acces the reset password view,[[translation:37697751-2f22-4df1-b942-00ed6e525a4e]],,No,No
398b6757-1af6-407d-a8a2-d7c0dd667211,qa-crowdsourcing-app,src/components/organisms/Game/SelectSpan/index.tsx,qa-crowdsourcing-app/src/components/organisms/Game/SelectSpan/index.tsx,yes,button,Continue,Continue,√Åfram,Text on a button taking the user to the next step,[[translation:398b6757-1af6-407d-a8a2-d7c0dd667211]],/,No,No
3aa3fb90-1f9c-4408-9004-b7d2c2624de1,qa-crowdsourcing-app,,,yes,text,Thank you for supporting [LANGUAGE] in the digital world through this game!,Thank you for supporting [LANGUAGE] in the digital world through this game!,Spurningaleikur √æar sem √æ√∫ getur unni√∞ alv√∂ru vinninga og stutt vi√∞ √≠slensku √≠ n√∫t√≠manum,Shown to the user during a motivational message during the gameplay. They're told that they're contributing to language / NLP resources for the language,[[translation:3aa3fb90-1f9c-4408-9004-b7d2c2624de1]],,No,No
3ac7f23c-c311-4cbc-9ab7-28d504132fa6,qa-crowdsourcing-app,src/components/organisms/Game/WriteQuestion/index.tsx,qa-crowdsourcing-app/src/components/organisms/Game/WriteQuestion/index.tsx,yes,instruction,Write your question here,Write your question here,Skrifa√∞u spurninguna h√©r,"Instructions telling the user to write their question here. They are shown as a ""placeholder"" in the textbox where the user writes the question.",[[translation:3ac7f23c-c311-4cbc-9ab7-28d504132fa6]],/,No,No
3bfe0891-2017-4080-afb8-7449c2da8ad9,qa-crowdsourcing-app,src/components/organisms/Game/EndOfRound/index.tsx,qa-crowdsourcing-app/src/components/organisms/Game/EndOfRound/index.tsx,yes,text,You've reached Level {auth.level} üéâ. Currently you're in position {auth.scoreCard.hiscoreRank} on the leaderboard üòé,You've reached Level {auth.level} üéâ. Currently you're in position {auth.scoreCard.hiscoreRank} on the leaderboard üòé,√û√∫ ert komin/n √≠ Lvl {auth.level} og ert n√∫mer {auth.scoreCard.hiscoreRank} √° stigat√∂flunni,A message shown to the user once they reach a new level,[[translation:3bfe0891-2017-4080-afb8-7449c2da8ad9]],/,No,Yes
3dda0399-962d-4862-ac77-c124e033029a,qa-crowdsourcing-app,src/services/UserLevels/index.ts,qa-crowdsourcing-app/src/services/UserLevels/index.ts,yes,avatar,Professor,Professor,Pr√≥fessor,This is a name of a particular avatar / user icon. This is a high-level icon,[[translation:3dda0399-962d-4862-ac77-c124e033029a]],/,No,No
3dde1386-6f44-499b-8756-72d24d17788d,qa-crowdsourcing-app,src/components/organisms/Game/SelectSpan/index.tsx,qa-crowdsourcing-app/src/components/organisms/Game/SelectSpan/index.tsx,yes,instruction,"This paragraph was found by another user because they believe that it contains the answer. Now, we need to figure out which specific part of the paragraph answers the question and highlight it.","This paragraph was found by another user because they believe that it contains the answer. Now, we need to figure out which specific part of the paragraph answers the question and highlight it.","√ûessi efnisgrein var valin af √∂√∞rum notanda sem telur a√∞ svari√∞ s√© h√©r a√∞ finna. N√∫ √æurfum vi√∞ a√∞ vita hvort hluti af textanum svari spurningunni. Ef svo er, √æ√° √æarft √æ√∫ a√∞ velja r√©ttu or√∞in sem mynda svari√∞.","Instructions shown to the user during the ""select span"" stage. The purpose is to explain to the user that identifying the paragraph isn¬¥t enough.. we also need to mark the words inside the paragraph. Phrasing this correctly can help make sure that users do not select too many words.",[[translation:3dde1386-6f44-499b-8756-72d24d17788d]],/,No,No
3ec2901e-a5d5-4cce-b297-7b31db89bb98,qa-crowdsourcing-api,src/routes/api/announcement/interface.ts,qa-crowdsourcing-api/src/routes/api/announcements/interface.ts,yes,text,Friday,Friday,f√∂studag,A day of the week,[[translation:3ec2901e-a5d5-4cce-b297-7b31db89bb98]],/,No,No
3f6b302c-b013-4a7b-9f0c-057d1536fb18,qa-crowdsourcing-app,,,yes,text,Password,Password,Lykilor√∞,Text accompanying a password input,[[translation:3f6b302c-b013-4a7b-9f0c-057d1536fb18]],,No,No
40f55f23-1d45-46dc-ae39-02a61e4d6594,qa-crowdsourcing-app,src/components/organisms/Forms/Builder/index.tsx,qa-crowdsourcing-app/src/components/organisms/Forms/Builder/index.tsx,yes,text,Loading...,Loading...,Hle√∞,A message shown next to a spinner / loading animation,[[translation:40f55f23-1d45-46dc-ae39-02a61e4d6594]],/,No,No
43a56caf-107e-4148-b94d-0e6fd43019ab,qa-crowdsourcing-app,,,yes,text,The question is,The question is,Spurningin er,"Used in the following context ""The Question is '[QUESTION]'""",[[translation:43a56caf-107e-4148-b94d-0e6fd43019ab]],,No,No
43ad9161-97e6-4bac-9b90-1e08e5537118,qa-crowdsourcing-app,src/components/organisms/Game/GoogleSearch/index.tsx,qa-crowdsourcing-app/src/components/organisms/Game/GoogleSearch/index.tsx,yes,prompt / title,Are you sure?,Are you sure?,Ertu viss?,Asking the user to verify that the choice / selection they made is correct,[[translation:43ad9161-97e6-4bac-9b90-1e08e5537118]],/,No,No
448a1aee-2d52-437e-bf1c-d38789cb1077,qa-crowdsourcing-app,src/components/organisms/Game/SelectSpan/index.tsx,qa-crowdsourcing-app/src/components/organisms/Game/SelectSpan/index.tsx,yes,prompt / title,Can you see it?,Can you see it?,S√©r√∞u svari√∞?,A prompt asking the user whether or not they see the answer inside a paragraph picked by another user. There is a lot more information / context on the screen that the user sees. This is supposed to be very short.,[[translation:448a1aee-2d52-437e-bf1c-d38789cb1077]],/,No,No
4ac83c4b-9397-4bb8-822c-f5759602cfe3,qa-crowdsourcing-app,,,yes,text,Username,Username,Notendanafn,Text accompanying text input where users input username,[[translation:4ac83c4b-9397-4bb8-822c-f5759602cfe3]],,No,No
4d0120d8-f9fb-4b23-892e-eb4746d5493a,qa-crowdsourcing-api,src/models/Users/index.ts,qa-crowdsourcing-api/src/models/Users/index.ts,yes,error / text,Email already registered,Email already registered,T√∂lvup√≥stfang er ekki laust,An error shown to the user if they pick an email address that's already associated with another account,[[translation:4d0120d8-f9fb-4b23-892e-eb4746d5493a]],/,No,No
4dfedb85-a1f0-4000-9a84-6f999eb93ca5,qa-crowdsourcing-app,src/components/organisms/Game/ReviewQuestion,qa-crowdsourcing-app/src/components/organisms/Game/ReviewQuestion,yes,text,Do you this this answer is too long?,Do you this this answer is too long?,Heldur √æ√∫ a√∞ svari√∞ s√© svona langt?,"Once the user says that the answer is likely very long, this prompt is shown to verify that they actually think the answer is very long.",[[translation:4dfedb85-a1f0-4000-9a84-6f999eb93ca5]],/,No,No
51234ad0-149a-46a4-97db-428d6c36f865,qa-crowdsourcing-app,src/components/organisms/Game/ReviewAnswer/index.tsx,qa-crowdsourcing-app/src/components/organisms/Game/ReviewAnswer/index.tsx,yes,text,"Another user has marked the answer. Now, let's verify if it is correct.","Another user has marked the answer. Now, let's verify if it is correct.",Annar notandi hefur merkt svari√∞ inn. N√∫ √æurfum vi√∞ a√∞ athuga hvort svari√∞ s√© r√©tt merkt.,"Instructions shown to the user during the ""verify answer"" step.",[[translation:51234ad0-149a-46a4-97db-428d6c36f865]],/,No,No
52f320d2-3764-4006-af1b-b061748ea7b5,qa-crowdsourcing-app,src/components/organisms/Game/ReviewQuestion,qa-crowdsourcing-app/src/components/organisms/Game/ReviewQuestion,yes,prompt / title,Answer Length,Answer Length,Lengd svars,"A title for the prompt shown to a user when they're being asked to asess whether the answer is not 'too long'. Keep this short, this is just a title",[[translation:52f320d2-3764-4006-af1b-b061748ea7b5]],/,No,No
54d10c8b-e468-4566-ae52-bc0b4bb454dc,qa-crowdsourcing-app,,,yes,prompt / text,Are you sure that you want to leave? üò¢,Are you sure that you want to leave? üò¢,Viltu skr√° √æig √∫t?,"Alert shown to user when logging out, asking them to confirm",[[translation:54d10c8b-e468-4566-ae52-bc0b4bb454dc]],,No,No
55d8a451-664a-45b3-9ed8-13ddd8548b4d,qa-crowdsourcing-app,,,maybe,prizes / text,Here you see a list of available prize categories. Click on a category to see an overview of the prizes.,Here you see a list of available prize categories. Click on a category to see an overview of the prizes.,H√©r s√©r√∞u lista yfir √æ√° ver√∞launaflokka sem eru √≠ bo√∞i. √û√∫ getur smellt √° hvern flokk fyrir sig til √æess a√∞ sj√° yfirlit yfir vinninga.,Not necessary if not implementing prizes. It shows an overview of prize categories.,[[translation:55d8a451-664a-45b3-9ed8-13ddd8548b4d]],,No,No
56f24152-d8fd-4d86-8cbc-66ddcdb269e6,qa-crowdsourcing-app,src/services/UserLevels/index.ts,qa-crowdsourcing-app/src/services/UserLevels/index.ts,yes,avatar,High schooler,High schooler,Menntsk√¶lingur,This is a name of a particular avatar / user icon. This is a mid-level icon,[[translation:56f24152-d8fd-4d86-8cbc-66ddcdb269e6]],/,No,No
5807a43a-18d0-43fd-96f8-86d0a1c84fdd,qa-crowdsourcing-app,src/components/organisms/Game/ReviewQuestion,qa-crowdsourcing-app/src/components/organisms/Game/ReviewQuestion,yes,prompt / text,Does the answer change depending on the situation?,Does the answer change depending on the situation?,Er svari√∞ mismunandi milli a√∞st√¶√∞a?,"Part of a prompt shown to the user when they're asked to verify a user submitted question. The purpose of this question is to make sure that we're not collecting subjective or context specific questions. Those would include question about ""the best football player"" or ""what is the time"". This only shows up once the user has indicated that the question might be subjective. NOTE: the prompt should be translated so that if the user says ""yes"" then the question is too objective or dependent on context.",[[translation:5807a43a-18d0-43fd-96f8-86d0a1c84fdd]],/,No,No
580fe689-abd7-4716-a1bf-04ec426b5b46,qa-crowdsourcing-app,,yes,yes,text,I would like to receive information about prizes and my progress via email,I would like to receive information about prizes and my progress via email,√âg vil f√° uppl√Ωsingar um vinninga og minn √°rangur √≠ t√∂lvup√≥sti,During the registration stage we ask them if we can send them marketing email (for GDPR). NOTE: do not mention prizes if not implementing prizes,[[translation:580fe689-abd7-4716-a1bf-04ec426b5b46]],,No,No
58f91cc3-7268-4c49-9dc7-6715ae0888f3,qa-crowdsourcing-app,,,yes,text,"You think you've reached the top? Not quite. Now that you have completed all the levels, you get to start over with all of your experience and some extra prestige.","You think you've reached the top? Not quite. Now that you have completed all the levels, you get to start over with all of your experience and some extra prestige.",Heldur √æ√∫ a√∞ √æ√∫ s√©rt kominn √° toppinn? Ekki alveg. Hva√∞ ef √æ√∫ g√¶tir margfalda√∞ l√≠kurnar √æ√≠nar √° a√∞ vinna vinninga? N√∫ hefur √æ√∫ t√¶kif√¶ri √° √æv√≠ a√∞ fara aftur √≠ LVL 1 og afl√¶sa kisturnar upp √° n√Ωtt. √ûannig f√¶r√∞ √æ√∫ fleiri s√¶ti √≠ hverjum √∫tdr√¶tti.,"A message shown to the user when they finish the ""last level"" motivating them to start over.",[[translation:58f91cc3-7268-4c49-9dc7-6715ae0888f3]],,No,No
59475d93-9003-41f0-8f3b-64bb0847cb0a,qa-crowdsourcing-app,,,yes,instruction,Enter your email to receive a new password,Enter your email to receive a new password,Skr√°√∞u inn email til a√∞ f√° n√Ωtt lykilor√∞i,"On the password reset view, users are asked to give their email so they can get a verification code to reset",[[translation:59475d93-9003-41f0-8f3b-64bb0847cb0a]],,No,No
5ba54eb3-1517-4379-8a2d-1bd80ce7758b,qa-crowdsourcing-app,src/components/atoms/cards/AnswerItem/index.tsx,qa-crowdsourcing-app/src/components/atoms/cards/AnswerItem/index.tsx,yes,text,answered,answered,svara√∞i,"Used in the context of ""[NAME] answered [QUESTION]""",[[translation:5ba54eb3-1517-4379-8a2d-1bd80ce7758b]],/,No,No
5f53f041-9ebf-4a81-87ad-c4a0bf0852eb,qa-crowdsourcing-app,src/components/organisms/Game/Utils/SpanSelector/index.tsx,qa-crowdsourcing-app/src/components/organisms/Game/Utils/SpanSelector/index.tsx,yes,instruction / title,Select answer snippet,Select answer snippet,Veldu seinasta staf,Title for the instructions telling the user to select the last character of an answer span. Keep this relatively short,[[translation:5f53f041-9ebf-4a81-87ad-c4a0bf0852eb]],/,No,No
6169c959-ec25-4449-a23b-5ba3307cc209,qa-crowdsourcing-api,src/models/Users/methods.ts,qa-crowdsourcing-api/src/models/Users/methods.ts,yes,error / text,Confirmation code incorrect,Confirmation code incorrect,Rangur sta√∞festingark√≥√∞i,An error shown to the user if they provide the wrong code when verifying their account,[[translation:6169c959-ec25-4449-a23b-5ba3307cc209]],/,No,No
61735474-90bf-4d3f-aa14-e02a20469934,qa-crowdsourcing-app,src/components/organisms/Game/GoogleSearch/index.tsx,qa-crowdsourcing-app/src/components/organisms/Game/GoogleSearch/index.tsx,yes,error / text,"Something went wrong, please try another search query.","Something went wrong, please try another search query.","Villa vi√∞ leit, pr√≥fa√∞u annan leitarstreng","In case of unexpected errors during the Google Search stage, this error is shown to users",[[translation:61735474-90bf-4d3f-aa14-e02a20469934]],/,No,No
63d51e1b-3367-4529-9849-925856fdaff1,qa-crowdsourcing-app,src/components/organisms/Game/SelectSpan/index.tsx,qa-crowdsourcing-app/src/components/organisms/Game/SelectSpan/index.tsx,yes,button,Confirm,Confirm,Sta√∞festa,Used for button / prompts where the user needs to confirm their action,[[translation:63d51e1b-3367-4529-9849-925856fdaff1]],/,No,No
64baabaa-5024-40ad-9020-56f7921ea11e,qa-crowdsourcing-app,src/components/organisms/Users/ScoreCard/index.tsx,qa-crowdsourcing-app/src/components/organisms/Users/ScoreCard/index.tsx,maybe,title,Invited Friends,Invited Friends,Skr√°√∞ir vinir (bo√∞),"This is a part of a users ""Scorecard"" where they can see the number of friends invited to play the game",[[translation:64baabaa-5024-40ad-9020-56f7921ea11e]],/,No,No
65accc94-b1d8-4899-85e7-4cc048d70759,qa-crowdsourcing-app,src/views/AuthCode/index.tsx,qa-crowdsourcing-app/src/views/AuthCode/index.tsx,yes,title,Sign Out,Sign Out,√ötskr√°,Text for the sign out button,[[translation:65accc94-b1d8-4899-85e7-4cc048d70759]],/,No,No
679571b1-de5e-437c-9208-ca5c755a0d4f,qa-crowdsourcing-app,src/components/atoms/Cards/PrizeCategory/index.tsx,qa-crowdsourcing-app/src/components/atoms/Cards/PrizeCategory/index.tsx,maybe,instruction,You need to,You need to,√û√∫ √æarft a√∞,"Instructions telling the user that ""You need to ____""",[[translation:679571b1-de5e-437c-9208-ca5c755a0d4f]],/,No,No
68d189a7-eea9-42c8-b604-409cbd7e128d,qa-crowdsourcing-api,src/models/Answers/methods.ts,qa-crowdsourcing-api/src/models/Answers/methods.ts,maybe,error,No Answer Found,No Answer Found,Svar fannst ekki,Error shown to the user if the answer was not found or if there was in some way an error loading the answer.,[[translation:68d189a7-eea9-42c8-b604-409cbd7e128d]],/,No,No
69435c8c-a692-47cc-825e-0dc2ec27d940,qa-crowdsourcing-app,src/services/CountDownLabel/index.ts,qa-crowdsourcing-app/src/services/CountDownLabel/index.ts,maybe,text,Days,Days,Dagar,Days (the plural noun),[[translation:69435c8c-a692-47cc-825e-0dc2ec27d940]],/,No,No
69bad13a-c901-41c6-9bf4-21113918ab60,qa-crowdsourcing-app,src/components/organisms/Game/ReviewQuestion,qa-crowdsourcing-app/src/components/organisms/Game/ReviewQuestion,yes,text,Cancel,Cancel,H√¶tta vi√∞,A button allowing a user to go back or revert their previous choice ,[[translation:69bad13a-c901-41c6-9bf4-21113918ab60]],/,No,No
6adc749f-7a2c-4179-861c-402d61bfa241,qa-crowdsourcing-api,src/routes/api/announcement/interface.ts,qa-crowdsourcing-api/src/routes/api/announcements/interface.ts,yes,text,Tuesday,Tuesday,√æri√∞judag,A day of the week,[[translation:6adc749f-7a2c-4179-861c-402d61bfa241]],/,No,No
6b1a9363-c272-40f5-90bf-700797df6550,qa-crowdsourcing-app,,,yes,button,Forgot your password?,Forgot your password?,Gleymt lykilor√∞?,Button to access reset password view,[[translation:6b1a9363-c272-40f5-90bf-700797df6550]],,No,No
6d779c31-0784-4adc-8aa1-b1d115754296,qa-crowdsourcing-app,,,yes,instruction,Share or copy the link to invite your friends to join!,Share or copy the link to invite your friends to join!,"Smelltu √° deila, e√∞a afrita√∞u hlekkinn til √æess a√∞ bj√≥√∞a vinum a√∞ s√¶kja appi√∞.",Instructing users to copy a shareable link so they can share the app with others,[[translation:6d779c31-0784-4adc-8aa1-b1d115754296]],,No,No
6eb6fc05-e841-4511-ab4e-735c5be89476,qa-crowdsourcing-app,src/components/organisms/Game/GoogleSearch/index.tsx,qa-crowdsourcing-app/src/components/organisms/Game/GoogleSearch/index.tsx,yes,instruction,You can now use Google to find an answer online.,You can now use Google to find an answer online.,"√û√∫ √æarft a√∞ nota Google til a√∞ finna svari√∞ √° √≠slensku Wikipediu, V√≠sindavefnum, v√≠sir.is e√∞a mbl.is",Instructions explaining the Google Search stage.,[[translation:6eb6fc05-e841-4511-ab4e-735c5be89476]],/,No,No
6f8b9a5d-b070-499e-ad7c-5c4c5a6e1dbb,qa-crowdsourcing-app,src/services/CountDownLabel/index.ts,qa-crowdsourcing-app/src/services/CountDownLabel/index.ts,maybe,prizes / text,Sec,Sec,Sek,Not necessary if not implementing prizes. Seconds (please abbreviate if possible),[[translation:6f8b9a5d-b070-499e-ad7c-5c4c5a6e1dbb]],/,No,No
728c9365-2e4f-41e9-84ed-2c375c5044a5,qa-crowdsourcing-app,,,yes,button,In Progress,In Progress,√ç vinnslu,Button that allows users to access a view showing them their questions which have not been fully answered just yet. Keep this short,[[translation:728c9365-2e4f-41e9-84ed-2c375c5044a5]],,No,No
733eaeaf-7c00-4bd9-ab7d-26359b6855c9,qa-crowdsourcing-app,src/components/organisms/Game/ReviewAnswer/index.tsx,qa-crowdsourcing-app/src/components/organisms/Game/ReviewAnswer/index.tsx,yes,prompt / title,Highlighted Incorrectly?,Highlighted Incorrectly?,Vitlaust merkt?,A title for a prompt asking the user whether the answer is incorrectly marked or not. Keep this short.,[[translation:733eaeaf-7c00-4bd9-ab7d-26359b6855c9]],/,No,No
74332ff0-bea7-4b49-9992-7ebee1c9a5d4,qa-crowdsourcing-app,,,yes,text,These are questions other users were unable to find an answer for,These are questions other users were unable to find an answer for,√ûetta eru spurningar sem a√∞rir notendur fundu ekki svar vi√∞. Getur √æ√∫ fundi√∞ sv√∂rin √° Google.,A paragraph explaining to the user that the questions they see is a list of questions which they asked but other users couldn't find the answer to online,[[translation:74332ff0-bea7-4b49-9992-7ebee1c9a5d4]],,No,No
749736db-66a3-42dc-ba0f-0ccd44135d4d,qa-crowdsourcing-app,src/routing/index.tsx,qa-crowdsourcing-app/src/routing/index.tsx,maybe,button,Prizes,Prizes,Vinningar,Not necessary if not implementing prizes. Name (must be single word) of a tab in the bottom navigation,[[translation:749736db-66a3-42dc-ba0f-0ccd44135d4d]],/,No,No
75e48795-0166-4414-be61-0b8b3cde4996,qa-crowdsourcing-app,src/services/CountDownLabel/index.ts,qa-crowdsourcing-app/src/services/CountDownLabel/index.ts,maybe,text,Hrs,Hrs,Klst,"Hours, abbreviation as part of a countdown",[[translation:75e48795-0166-4414-be61-0b8b3cde4996]],/,No,No
77340120-e861-42b7-a6a4-8eafb29f8da1,qa-crowdsourcing-app,src/components/organisms/Game/ReviewQuestion,qa-crowdsourcing-app/src/components/organisms/Game/ReviewQuestion,yes,title,The answer doesn't change,The answer doesn't change,Svari√∞ breytist ekki miki√∞,Shown during the answer review step. This is a title accompanying a question which asks the user whether or not a question changes a lot or is context specific. NOTE: this must be translated so that if the user responds with 'yes' to this prompt then the question is a good question which is not subjective,[[translation:77340120-e861-42b7-a6a4-8eafb29f8da1]],/,No,No
78431932-9dae-4300-9505-0aba46fcda5d,qa-crowdsourcing-app,src/components/organisms/Forms/PinCodeScreen/index.tsx,qa-crowdsourcing-app/src/components/organisms/Forms/PinCodeScreen/index.tsx,yes,button,Resend Code,Resend Code,Senda aftur,"Text for a button which ""resends"" the verification code via email in case the other one didn't arrive or expired.",[[translation:78431932-9dae-4300-9505-0aba46fcda5d]],/,No,No
78d06c58-3368-44ef-b0b6-135f6a9f4936,qa-crowdsourcing-app,src/components/organisms/Game/SelectSpan/index.tsx,qa-crowdsourcing-app/src/components/organisms/Game/SelectSpan/index.tsx,yes,button,Go back,Go back,Til baka,A button allowing a user to go back.,[[translation:78d06c58-3368-44ef-b0b6-135f6a9f4936]],/,No,No
78f8e09e-b039-44f9-bbbe-fd134d603d6a,qa-crowdsourcing-app,src/components/organisms/Game/SelectSpan/index.tsx,qa-crowdsourcing-app/src/components/organisms/Game/SelectSpan/index.tsx,yes,text,"If you can't see the answer in this paragraph, we will delete it.","If you can't see the answer in this paragraph, we will delete it.",Ef √æ√∫ s√©r√∞ ekki svari√∞ h√©r √æ√° ey√∞um vi√∞ √æessari efnisgrein.,"This is a warning of sorts that is shown to a user when they say that they don't see an answer in a particular paragraph. The warning further tells the user if they are sure that the answer does not lie in this paragraph then we will delete it. Meaning that the user gets a sense of the consequences so they don't act ""lazy"". NOTE: there is a title that accompanies this paragraph",[[translation:78f8e09e-b039-44f9-bbbe-fd134d603d6a]],/,No,No
7923fe3c-e9c7-44cb-bdf0-dad4c39b8daf,qa-crowdsourcing-app,src/components/organisms/Users/ScoreCard/index.tsx,,yes,title,Answers,Answers,Sv√∂r,"This is a part of a users ""Scorecard"" where they can see the amount of answers they've contributed",[[translation:7923fe3c-e9c7-44cb-bdf0-dad4c39b8daf]],,No,No
7aa3322d-a60e-4b38-91c8-ffbdc7aa06f5,qa-crowdsourcing-api-retag,,,maybe,prizes / text,You have unlocked this prize category! üéâ,You have unlocked this prize category! üéâ,Vissir √æ√∫ a√∞ √æ√∫ hefur afl√¶st √æennan vinninga flokk?,Not necessary if not implementing prizes. Lets users know that they've unlocked a particular chest,[[translation:7aa3322d-a60e-4b38-91c8-ffbdc7aa06f5]],,No,No
7c18efa6-d7d6-43ef-b24a-be4b83150c68,qa-crowdsourcing-app,src/components/organisms/Game/WriteQuestion/index.tsx,qa-crowdsourcing-app/src/components/organisms/Game/WriteQuestion/index.tsx,yes,instruction,Write a question which other users can find the answer for with Google!,Write a question which other users can find the answer for with Google!,Sendu inn spurningu sem a√∞rir notendur geta googla√∞ svari√∞ vi√∞ √° √≠slensku,This is a piece of instruction instructing the user to write a new original question,[[translation:7c18efa6-d7d6-43ef-b24a-be4b83150c68]],/,No,No
7d5f2e8b-be14-4e44-9456-9d942b43ca95,qa-crowdsourcing-app,src/components/atoms/Cards/PrizeItem/index.tsx,qa-crowdsourcing-app/src/components/atoms/Cards/PrizeItem/index.tsx,maybe,prizes / text,Out of stock,Out of stock,Fari√∞,Not necessary if not implementing prizes. This tells the user that a certain item is not available because somebody else won it.,[[translation:7d5f2e8b-be14-4e44-9456-9d942b43ca95]],/,No,No
7d8390ba-4d60-4b9c-94d3-56660da805c4,qa-crowdsourcing-api-retag,,,maybe,prizes / text,Next prize announcement on,Next prize announcement on,√ötdr√°ttur √° ,"Not necessary if not implementing prizes. Used in the context of. ""Prize announcement on [DATE]"", letting users know when the next prize anncounement will be.",[[translation:7d8390ba-4d60-4b9c-94d3-56660da805c4]],,No,No
7e289193-01ff-4fb3-b8d5-e2ed3faefe0b,qa-crowdsourcing-api-retag,,,yes,error / text,Password is too short. Must be at least ${MIN_PW_LENGTH} characters.,Password is too short. Must be at least ${MIN_PW_LENGTH} characters.,Lykilor√∞ ver√∞ur a√∞ vera amk. ${MIN_PW_LENGTH} stafir,An error message shown to the user if they enter a password that's too short,[[translation:7e289193-01ff-4fb3-b8d5-e2ed3faefe0b]],,No,No
80a89a34-0646-44a9-a169-5daf07edc421,qa-crowdsourcing-app,src/components/organisms/Game/WriteQuestion/index.tsx,qa-crowdsourcing-app/src/components/organisms/Game/WriteQuestion/index.tsx,yes,text,You can (if you choose to) ask about,You can (if you choose to) ask about,√û√∫ g√¶tir spurt um,"Shown during the question elicitation stage letting the user know that they can ask about something. Used like this: ""You can ask about ____""",[[translation:80a89a34-0646-44a9-a169-5daf07edc421]],/,No,No
80a9c4a8-ca73-4819-ad5c-53d0ac4215a9,qa-crowdsourcing-app,,,yes,text,Your questions will appear here once you ask them,Your questions will appear here once you ask them,√û√∫ hefur ekki spurt neinar spurningar enn √æ√°. √û√≠nar spurningar birtast h√©r,"Users can see a list of their questions on their profile. Before the user has any questions, they will see this",[[translation:80a9c4a8-ca73-4819-ad5c-53d0ac4215a9]],,No,No
81842581-d2ce-4949-9940-97f9a123056f,qa-crowdsourcing-api-retag,,,yes,notification / text,You've played ${user.dailyStreak} days in a row üî• Don't let your streak end today!,You've played ${user.dailyStreak} days in a row üî• Don't let your streak end today!,"√û√∫ hefur spila√∞ ${user.dailyStreak} daga √≠ r√∂√∞, ekki l√°ta syrpuna √æ√≠na enda √≠ dag.",A push notification text to users (on the app) telling them that their streak is about to end,[[translation:81842581-d2ce-4949-9940-97f9a123056f]],,No,No
81e89af0-22cc-47d5-a7fd-20db983021b6,qa-crowdsourcing-api,src/models/Users/index.ts,qa-crowdsourcing-api/src/models/Users/index.ts,yes,error / text,Invalid Email,Invalid Email,T√∂lvup√≥stfang er √° r√∂ngu sni√∞i,An error shown to users when they register but provide an email that's not a valid email,[[translation:81e89af0-22cc-47d5-a7fd-20db983021b6]],/,No,No
82363b73-5494-4ef3-bca6-9c0a3f2c1110,qa-crowdsourcing-app,src/services/Chests/index.ts,qa-crowdsourcing-app/src/services/Chests/index.ts,maybe,prizes / text,Participation Prize!,Participation Prize!,Allir taka √æ√°tt,Not necessary if not implementing prizes. This is the name of lowest prize category (1/5). ,[[translation:82363b73-5494-4ef3-bca6-9c0a3f2c1110]],/,No,No
82749b03-becd-4845-bfa9-0ef8a1cb5ea2,qa-crowdsourcing-api-retag,,,maybe,prizes / text,You are ${lvl} lvls away from unlocking this prize category,You are ${lvl} lvls away from unlocking this prize category,√û√∫ ert ${lvl} lvl-um fr√° √æv√≠ a√∞ afl√¶sa √æennan vinninga flokk,Not necessary if not implementing prizes. Tells users that they're _ many levels away from unlocking a prize category,[[translation:82749b03-becd-4845-bfa9-0ef8a1cb5ea2]],,No,No
85936485-09df-41a1-b19a-163832d182f6,qa-crowdsourcing-app,src/components/atoms/Cards/PrizeCategory/index.tsx,qa-crowdsourcing-app/src/components/atoms/Cards/PrizeCategory/index.tsx,maybe,prizes / text,prizes in this category,prizes in this category,vinningar √≠ √æessum flokki,"Not necessary if not implementing prizes. Used in the context of ""____ prizes in this category""",[[translation:85936485-09df-41a1-b19a-163832d182f6]],/,No,No
86cf4916-78a4-428a-a536-6da032839372,qa-crowdsourcing-app,,,yes,text,Integrity Pledge,Integrity Pledge,Hei√∞ursmannasamkomulag,Before playing users will need to agree to an integrity pledge where they promise to not submit bad data,[[translation:86cf4916-78a4-428a-a536-6da032839372]],x,No,No
87d2af96-17a8-46d7-994f-459469f4ea76,qa-crowdsourcing-app,src/components/organisms/Game/ReviewQuestion,qa-crowdsourcing-app/src/components/organisms/Game/ReviewQuestion,yes,text,I feel that this question can be answered in 2-3 sentences or less.,I feel that this question can be answered in 2-3 sentences or less.,√âg held a√∞ √æa√∞ s√© h√¶gt a√∞ svara √æessari spurningu √≠ 2-3 setningum e√∞a styttra.,A statement showing to users when they are reviewing questions. They choose yes or no based on whether they agree with the statement given the question at hand.,[[translation:87d2af96-17a8-46d7-994f-459469f4ea76]],/,No,No
87dce2ce-f100-4ae6-841d-bb66e77ce1e9,qa-crowdsourcing-api,src/models/Users/index.ts,qa-crowdsourcing-api/src/models/Users/index.ts,yes,error / text,Username must be at least  ${MIN_USER_NAME_LENGTH}  characters,Username must be at least  ${MIN_USER_NAME_LENGTH}  characters,Notendanafn ver√∞ur a√∞ vera amk. ${MIN_USER_NAME_LENGTH} stafir,An error shown to users when usernames are too short,[[translation:87dce2ce-f100-4ae6-841d-bb66e77ce1e9]],/,No,No
88f09b07-c184-4bf3-a8c3-2234190ff741,qa-crowdsourcing-api,src/routes/api/announcement/interface.ts,qa-crowdsourcing-api/src/routes/api/announcements/interface.ts,yes,text,September,September,September,The month,[[translation:88f09b07-c184-4bf3-a8c3-2234190ff741]],/,No,No
8a6e3047-e77f-4c85-b713-2e93e2c26d6a,qa-crowdsourcing-app,src/components/atoms/Loaders/CenterBox/index.tsx,qa-crowdsourcing-app/src/components/atoms/Loaders/CenterBox/index.tsx,yes,button,Cancel,Cancel,H√¶tta vi√∞ leit,"Text on a button allowing a user to cancel the ""Google search"" if it's taking too long",[[translation:8a6e3047-e77f-4c85-b713-2e93e2c26d6a]],/,No,No
8e058ed8-7d7c-45ae-95ba-2fe3a227d6f1,qa-crowdsourcing-app,src/components/organisms/Game/Utils/SpanSelector/index.tsx,qa-crowdsourcing-app/src/components/organisms/Game/Utils/SpanSelector/index.tsx,yes,text,Tap the last character of the answer snippet,Tap the last character of the answer snippet,Smelltu √° seinasta stafinn sem myndar svari√∞,Instructions telling the user what to do when selecting the end of an answer span,[[translation:8e058ed8-7d7c-45ae-95ba-2fe3a227d6f1]],/,No,No
8e0b57d4-0c0f-49a3-af15-35a6bc5d1e08,qa-crowdsourcing-app,src/components/organisms/Overlay/OpenBox/index.tsx,qa-crowdsourcing-app/src/components/organisms/Overlay/OpenBox/index.tsx,maybe,prizes / text,You're eligible for this prize!,You're eligible for this prize!,√û√∫ ert kominn √≠ pottinn!,Not necessary if not implementing prizes. A prompt that lets the user know that they are eligibile to win a certain prize,[[translation:8e0b57d4-0c0f-49a3-af15-35a6bc5d1e08]],/,No,No
9010208c-3c45-4358-87a1-a61ea3252037,qa-crowdsourcing-app,src/services/UserLevels/index.ts,qa-crowdsourcing-app/src/services/UserLevels/index.ts,yes,avatar,Valedictorian,Valedictorian,D√∫x,This is a name of a particular avatar / user icon. This is a mid-to-high-level icon,[[translation:9010208c-3c45-4358-87a1-a61ea3252037]],/,No,No
948e93b8-77bb-453d-a604-af480a4998a0,qa-crowdsourcing-app,src/components/organisms/Game/Utils/SpanSelector/index.tsx,qa-crowdsourcing-app/src/components/organisms/Game/Utils/SpanSelector/index.tsx,yes,instruction / text,Tap the first character of the answer snippet,Tap the first character of the answer snippet,Smelltu √° fyrsta stafinn sem myndar svari√∞,Instructions show to a user when they're selecting an answer span,[[translation:948e93b8-77bb-453d-a604-af480a4998a0]],/,No,No
96041362-685c-4aa6-9ecc-8a7a8819fef3,qa-crowdsourcing-api,src/routes/api/announcement/interface.ts,qa-crowdsourcing-api/src/routes/api/announcements/interface.ts,yes,text,March,March,mars,The month,[[translation:96041362-685c-4aa6-9ecc-8a7a8819fef3]],/,No,No
99cce31d-82f5-455f-af84-e83ca96b52e7,qa-crowdsourcing-app,src/views/AuthCode/index.tsx,qa-crowdsourcing-app/src/views/AuthCode/index.tsx,yes,text,Confirmation code has been sent to,Confirmation code has been sent to,Sta√∞festingark√≥√∞i hefur veri√∞ sendur √°,"A message letting the user know that a confirmation code (to verify account) ""...has been sent to"" [EMAIL]",[[translation:99cce31d-82f5-455f-af84-e83ca96b52e7]],/,No,No
9af276ad-fc7f-4342-893c-e174bbf87ff6,qa-crowdsourcing-app,src/components/organisms/Game/ReviewQuestion,qa-crowdsourcing-app/src/components/organisms/Game/ReviewQuestion,yes,title,Understandable Question,Understandable Question,Skiljanleg spurning,A heading following a verification step during the verify question stage. On this step a user needs to verify that the question can be understood.,[[translation:9af276ad-fc7f-4342-893c-e174bbf87ff6]],/,No,No
9d378a47-8350-4ade-8f4b-10f7ba5488d0,qa-crowdsourcing-app,,,yes,button,Sign Out,Sign Out,√ötskr√°ning,Title of sign out alert,[[translation:9d378a47-8350-4ade-8f4b-10f7ba5488d0]],,No,No
9de4b7aa-e2da-4d0a-afa9-f0ea3abe3eb4,qa-crowdsourcing-api,src/routes/api/announcement/interface.ts,qa-crowdsourcing-api/src/routes/api/announcements/interface.ts,yes,text,July,July,j√∫l√≠,the month,[[translation:9de4b7aa-e2da-4d0a-afa9-f0ea3abe3eb4]],/,No,No
9df058c6-a144-4b75-976a-2997f67f7349,qa-crowdsourcing-app,src/services/UserLevels/index.ts,qa-crowdsourcing-app/src/services/UserLevels/index.ts,yes,avatar,Beginner,Beginner,Byrjandi,This is a name of a particular avatar / user icon. This is the lowest level,[[translation:9df058c6-a144-4b75-976a-2997f67f7349]],/,No,No
9eb6138d-bbb5-447b-9440-a9b1f1062b43,qa-crowdsourcing-app,src/components/organisms/Users/ScoreCard/index.tsx,qa-crowdsourcing-app/src/components/organisms/Users/ScoreCard/index.tsx,maybe,title,Questions,Questions,Spurningar,"This is a part of a users ""Scorecard"" where they can see the amount questions",[[translation:9eb6138d-bbb5-447b-9440-a9b1f1062b43]],/,No,No
9ed9d5ea-217b-4e61-9928-62a1150522fc,qa-crowdsourcing-app,src/components/organisms/Game/SelectSpan/index.tsx,qa-crowdsourcing-app/src/components/organisms/Game/SelectSpan/index.tsx,yes,text,"Is the answer either ""Yes"" or ""No""?","Is the answer either ""Yes"" or ""No""?",Er svari√∞ anna√∞hvort j√° e√∞a nei?,"The purpose of this question is to figure out if a particular question is a ""yes/no"" question.",[[translation:9ed9d5ea-217b-4e61-9928-62a1150522fc]],/,No,No
a0891da8-8741-4867-a3c4-7bb927896c41,qa-crowdsourcing-app,src/services/Chests/index.ts,qa-crowdsourcing-app/src/services/Chests/index.ts,maybe,prizes / text,Legend,Legend,Hv√≠tir Hrafnar,Not necessary if not implementing prizes. This is the most rare chest / prize category (5/5),[[translation:a0891da8-8741-4867-a3c4-7bb927896c41]],/,No,No
a131ec39-c67f-49be-82c2-d3081d72e020,qa-crowdsourcing-app,,,yes,title,Reset Password,Reset Password,F√° n√Ωtt lykilor√∞,"Title / heading of the ""reset password"" page",[[translation:a131ec39-c67f-49be-82c2-d3081d72e020]],,No,No
a197b9af-1812-4cef-9d50-c46dc49bc4e2,qa-crowdsourcing-app,,,yes,text,Old answers,Old answers,G√∂mul sv√∂r,"Users viewing their profile can see the answers to their questions. There is a breakdown on this page between answers they haven¬¥t seen and ""old answers"" so they can easily see answers which they haven¬¥t seen before. This text is placed on a separator that separates unseen ""new"" answers from seen ""old answers""",[[translation:a197b9af-1812-4cef-9d50-c46dc49bc4e2]],,No,No
a1f4560f-51dc-4c01-bd09-041a635b7116,qa-crowdsourcing-app,src/components/organisms/Game/EndOfRound/index.tsx,qa-crowdsourcing-app/src/components/organisms/Game/EndOfRound/index.tsx,yes,text,Well done!,Well done!,Vel gert!,Motivation / compliment ,[[translation:a1f4560f-51dc-4c01-bd09-041a635b7116]],/,No,No
a2248f5c-8b7b-427c-9ec1-8aa0ec234fee,qa-crowdsourcing-api,src/routes/api/announcement/interface.ts,qa-crowdsourcing-api/src/routes/api/announcements/interface.ts,yes,text,Saturday,Saturday,laugardag,A day of the week,[[translation:a2248f5c-8b7b-427c-9ec1-8aa0ec234fee]],/,No,No
a4f02bcc-cce6-45ec-bdf5-3a1f836feb15,qa-crowdsourcing-api,src/models/Users/index.ts,qa-crowdsourcing-api/src/models/Users/index.ts,yes,error / text,Username not available,Username not available,Notendanafn er ekki laust,An error shown to a user when they try to register with a username that has already been taken,[[translation:a4f02bcc-cce6-45ec-bdf5-3a1f836feb15]],/,No,No
a937537e-a7d5-4852-be69-e09c00a6b43f,qa-crowdsourcing-app,src/components/organisms/Game/ReviewQuestion,qa-crowdsourcing-app/src/components/organisms/Game/ReviewQuestion,yes,text,"If so, we will remove the question.","If so, we will remove the question.",Ef svo er √æ√° munum vi√∞ ey√∞a henni.,"This is shown to a user after they¬¥ve marked a question as ""bad"". This message tells the user that we will remove the question, giving them a chance to go back if they're not sure.",[[translation:a937537e-a7d5-4852-be69-e09c00a6b43f]],/,No,No
aa635d9d-a3c2-4a47-a67a-31a45a5d1966,qa-crowdsourcing-api-retag,,,maybe,prizes / text,You have unlocked all prize categories!,You have unlocked all prize categories!,√û√∫ hefur afl√¶st alla m√∂gulega vinningaflokka!,Not necessary if not implementing prizes. Tells users that they've unlocked all prize categories,[[translation:aa635d9d-a3c2-4a47-a67a-31a45a5d1966]],,No,No
ace9972a-b728-4555-be11-82f52b9e6e74,qa-crowdsourcing-app,src/components/organisms/Game/ReviewQuestion,qa-crowdsourcing-app/src/components/organisms/Game/ReviewQuestion,yes,text,It is clear what the question is asking,It is clear what the question is asking,√ûa√∞ er sk√Ωrt hva√∞ h√∂fundur spurningarinnar √° vi√∞.,A statement shown to users when they are reviewing questions. They choose yes or no based on whether they agree with the statement given the question at hand.,[[translation:ace9972a-b728-4555-be11-82f52b9e6e74]],/,No,No
af6dd160-a6bf-4f3d-bf96-268b93599a9a,qa-crowdsourcing-api,src/routes/api/announcement/interface.ts,qa-crowdsourcing-api/src/routes/api/announcements/interface.ts,yes,text,Wednesday,Wednesday,mi√∞vikudag,A day of the week,[[translation:af6dd160-a6bf-4f3d-bf96-268b93599a9a]],/,No,No
b0325be3-7704-4cf7-838d-b87e44910121,qa-crowdsourcing-app,,,yes,text,Copied to clipboard,Copied to clipboard,Afrita√∞,Very short message shown to the user letting them know that something was copied,[[translation:b0325be3-7704-4cf7-838d-b87e44910121]],,No,No
b1e80198-9c0f-433b-b352-0a7d84dbc635,qa-crowdsourcing-app,src/components/atoms/cards/AnswerItem/index,qa-crowdsourcing-app/src/components/atoms/cards/AnswerItem/index,yes,text,No ,No ,Nei,"No as in ""yes or no"" question",[[translation:b1e80198-9c0f-433b-b352-0a7d84dbc635]],/,No,No
b22d0fda-88ca-4efd-81c0-b224e38fa4c2,qa-crowdsourcing-app,src/services/CountDownLabel/index.ts,qa-crowdsourcing-app/src/services/CountDownLabel/index.ts,maybe,text,Min,Min,M√≠n,This is abbreviation for minutes in a countdown.,[[translation:b22d0fda-88ca-4efd-81c0-b224e38fa4c2]],/,No,No
b369fb95-f7cc-4e6a-ba0f-ff9de7c5a770,qa-crowdsourcing-api-retag,,,yes,error / text,Unable to generate a verification code for a user who has already verified,Unable to generate a verification code for a user who has already verified,Ekki h√¶gt a√∞ b√∫a til sta√∞festingark√≥√∞a fyrir notanda sem hefur n√∫√æegar sta√∞fest,An error message given when a user tries to confirm when they¬¥ve already verified their account,[[translation:b369fb95-f7cc-4e6a-ba0f-ff9de7c5a770]],,No,No
b529825f-fa0a-417c-8432-d30a7b56f35c,qa-crowdsourcing-app,,,yes,text,Welcome back!,Welcome back!,Velkomin/n aftur!,Welcoming users back,[[translation:b529825f-fa0a-417c-8432-d30a7b56f35c]],,No,No
b5f212d7-7751-4abf-af59-7e8553b26cd8,qa-crowdsourcing-app,,,yes,button,Log In,Log In,Skr√° inn,Log in button,[[translation:b5f212d7-7751-4abf-af59-7e8553b26cd8]],,No,No
b6b03fca-33b6-4cd9-adb6-d93d9535cd11,qa-crowdsourcing-app,src/components/atoms/cards/AnswerItem/index,qa-crowdsourcing-app/src/components/atoms/cards/AnswerItem/index,yes,text,User was not able to find the answer,User was not able to find the answer,Notandi fann ekki svari√∞,"Shown to an author of a question which was deemed ""unanswerable"" by another user.",[[translation:b6b03fca-33b6-4cd9-adb6-d93d9535cd11]],/,No,No
b87d4fe0-094d-4062-b215-237136000155,qa-crowdsourcing-api,src/models/Users/index.ts,qa-crowdsourcing-api/src/models/Users/index.ts,yes,error / text,Email missing,Email missing,√ûa√∞ vantar t√∂lvup√≥stfang,An error shown to a user when registering but they don't give an email,[[translation:b87d4fe0-094d-4062-b215-237136000155]],/,No,No
bb358f9d-5cdf-42b3-a289-668738614244,sendgrid_templates,,,yes,email,Confirm Account,Confirm Account,Sta√∞festa a√∞gang,A part of an email that's sent to users when they need to verify their questions,[[translation:bb358f9d-5cdf-42b3-a289-668738614244]],,No,No
bbc46ed8-6b61-4909-949f-af938119d579,qa-crowdsourcing-app,,,yes,button,Create an account,Create an account,B√∫a til a√∞gang,Create account button,[[translation:bbc46ed8-6b61-4909-949f-af938119d579]],,No,No
bbeac5e8-68b8-4c10-98f1-269857ba9347,qa-crowdsourcing-app,src/routing/index.tsx,qa-crowdsourcing-app/src/routing/index.tsx,yes,text,Profile,Profile,√âg,"a single word that captures the meaning of ""Profile"" and can be used as a tab in the bottom navigation.",[[translation:bbeac5e8-68b8-4c10-98f1-269857ba9347]],/,No,No
be737f7e-1b79-4893-805c-8739912cb70d,qa-crowdsourcing-api,src/routes/api/v1/prizes/readAll/index.ts,qa-crowdsourcing-api/src/routes/api/v1/prizes/readAll/index.ts,maybe,prizes / text,reach level ,reach level ,komast √≠ LVL,"Not necessary if not implementing prizes. This is used to motivate users to get to a certein level. Write this as a part of a sentence which will have ""You need to"" prepended to it and ""[LEVEL]"" integer appended to the end of it in your language.",[[translation:be737f7e-1b79-4893-805c-8739912cb70d]],/,No,No
bfaf4b4a-1fa8-414a-ba11-4d753bdd20bd,qa-crowdsourcing-app,,,yes,Button,I already have an Account,I already have an Account,√âg er me√∞ a√∞gang,"A button taking a user from ""registration"" to ""log in"" view",[[translation:bfaf4b4a-1fa8-414a-ba11-4d753bdd20bd]],,No,No
c067890d-fb0d-4fb4-b169-8ad288a38866,qa-crowdsourcing-api,src/models/Users/index.ts,qa-crowdsourcing-api/src/models/Users/index.ts,yes,email / subject,[Game Name] | Reset password,[Game Name] | Reset password,Breyta lykilor√∞i Spurningar.is,This is a subject header for emails sent to users when they request to change their password,[[translation:c067890d-fb0d-4fb4-b169-8ad288a38866]],/,No,No
c27b9752-ac3d-498b-b053-29b932d3c689,qa-crowdsourcing-api-retag,,,yes,text,Keep up the good work!,Keep up the good work!,Haltu √°fram a√∞ standa √æig vel!,A motivational message,[[translation:c27b9752-ac3d-498b-b053-29b932d3c689]],,No,No
c28a8335-6533-41e1-970d-4c92a8e15a25,sendgrid_templates,,,yes,email,Play the game and support [LANGUAGE NAME],Play the game and support [LANGUAGE NAME],Spila leikinn og sty√∞ja vi√∞ √≠slenska tungu,Part of instructions in an email template,[[translation:c28a8335-6533-41e1-970d-4c92a8e15a25]],,No,No
c2b441ce-7f73-4664-a51f-067601786e1d,qa-crowdsourcing-app,src/components/atoms/cards/AnswerItem/index.tsx,qa-crowdsourcing-app/src/components/atoms/cards/AnswerItem/index.tsx,yes,text,An answer hasn't been found yet,An answer hasn't been found yet,Ekkert svar fundist enn,Shown to an author of a question and tells them that an answer has not yet been found.,[[translation:c2b441ce-7f73-4664-a51f-067601786e1d]],/,No,No
c2b7cf3e-86f1-431e-bb12-d4b5a89f382c,qa-crowdsourcing-api,src/models/Users/index.ts,qa-crowdsourcing-api/src/models/Users/index.ts,yes,email / subject,[Game Name] | Confirmation Code,[Game Name] | Confirmation Code,Sta√∞festingark√≥√∞i Spurningar.is,This is a subject header for emails sent to users when they need to verify their accoutns during registration,[[translation:c2b7cf3e-86f1-431e-bb12-d4b5a89f382c]],/,No,No
c2bd0aec-d055-41fe-81d8-3ff560c1e534,qa-crowdsourcing-api,src/routes/api/announcement/interface.ts,qa-crowdsourcing-api/src/routes/api/announcements/interface.ts,yes,text,February,February,febr√∫ar,The month,[[translation:c2bd0aec-d055-41fe-81d8-3ff560c1e534]],/,No,No
c35d4988-1f40-401b-88a8-552871a987cd,qa-crowdsourcing-app,src/components/organisms/Game/SelectSpan/index.tsx,qa-crowdsourcing-app/src/components/organisms/Game/SelectSpan/index.tsx,yes,title,No Answer?,No Answer?,Ekkert svar,When a user says that they don't see an answer to a question in a particular paragraph they're prompted with an alert. This is the title / heading for the alert,[[translation:c35d4988-1f40-401b-88a8-552871a987cd]],/,No,No
c3b2e703-6e25-40da-b3d3-c7d2ae4f42fc,qa-crowdsourcing-app,src/components/organisms/Game/GoogleSearch/index.tsx,qa-crowdsourcing-app/src/components/organisms/Game/GoogleSearch/index.tsx,yes,text,Sometimes there just isn't an answer,Sometimes there just isn't an answer,√ûa√∞ gerist af og til a√∞ ekkert svar finnst.,This sentence is shown to users when they're having trouble finding an answer via the google search. This is done to comfort the user and let them know its OK so they don't spend too much time on this stage,[[translation:c3b2e703-6e25-40da-b3d3-c7d2ae4f42fc]],/,No,No
c3d4773c-75ad-4240-9657-b5e221c94d74,qa-crowdsourcing-app,src/services/UserLevels/index.ts,qa-crowdsourcing-app/src/services/UserLevels/index.ts,yes,text,Teacher,Teacher,Kennari,This is a name of a particular avatar / user icon. This is a mid-to-high-level avatar,[[translation:c3d4773c-75ad-4240-9657-b5e221c94d74]],/,No,No
c71ca2d5-22ec-4d4d-85f8-799d2860c62f,qa-crowdsourcing-app,,,yes,button,Share,Share,Deila,Share button,[[translation:c71ca2d5-22ec-4d4d-85f8-799d2860c62f]],,No,No
c8cd3722-adf2-4377-8ccd-5676419f9f9b,qa-crowdsourcing-app,src/components/organisms/Game/ReviewQuestion,qa-crowdsourcing-app/src/components/organisms/Game/ReviewQuestion,yes,text,I think the answer should be the same no matter who answers the question or what day of the way it is asked,I think the answer should be the same no matter who answers the question or what day of the way it is asked,"√âg held a√∞ svari√∞ s√© svipa√∞, sama hvern ma√∞ur spyr e√∞a hva√∞a dag vikunnar er spurt.",A statement shown to users when they are reviewing questions. They choose yes or no based on whether they agree with the statement given the question at hand. NOTE: this must be translated so that if the user says 'yes' to this question/prompt then the question is a good question because the answer is not subjective,[[translation:c8cd3722-adf2-4377-8ccd-5676419f9f9b]],/,No,No
c9138e47-8cd5-4804-8d63-aae658f3e2c1,qa-crowdsourcing-app,src/components/molecules/Users/Info/index.tsx,qa-crowdsourcing-app/src/components/molecules/Users/Info/index.tsx,yes,text,on the leaderboard,on the leaderboard,√° stigat√∂flunni,"as in ""#35 on the leaderboard""",[[translation:c9138e47-8cd5-4804-8d63-aae658f3e2c1]],/,No,No
ca3392df-1aab-478c-99f6-1659b7021980,qa-crowdsourcing-app,src/components/organisms/Overlay/LevelProgress/index.tsx,qa-crowdsourcing-app/src/components/organisms/Overlay/LevelProgress/index.tsx,yes,text,progress towards level,progress towards level,a√∞ lvl,"as in ""37% progress towards lvl 10""",[[translation:ca3392df-1aab-478c-99f6-1659b7021980]],/,No,No
ca5523c3-7fcb-487c-8e2c-64e992eafefc,qa-crowdsourcing-app,src/routing/index.tsx,qa-crowdsourcing-app/src/routing/index.tsx,yes,button,Play,Play,Spila,A single word used in the bottom tab navigation. This is the button users press to start playing the game,[[translation:ca5523c3-7fcb-487c-8e2c-64e992eafefc]],/,No,No
cc04c157-b887-40f6-8a7a-d0e80b5dbdec,qa-crowdsourcing-app,src/views/ArticleReader/index.tsx,qa-crowdsourcing-app/src/views/ArticleReader/index.tsx,yes,text,Does this paragraph contain the answer?,Does this paragraph contain the answer?,Inniheldur √æessi efnsgrein svari√∞ vi√∞ spurningunni?,A user is shown a question and a paragraph that is supposed to answer the question. This prompt asks the user whether they see the answer or not,[[translation:cc04c157-b887-40f6-8a7a-d0e80b5dbdec]],/,No,No
cc168d22-e389-4b80-8f7d-8039d21e9638,qa-crowdsourcing-app,,,yes,text,You get a prestige token next to your avatar,You get a prestige token next to your avatar,√û√∫ f√¶r√∞ merki hj√° f√≠g√∫runni √æinni,When users complete the gaim they are given prestige tokens. In that screen they are given a list (as multiple bullet points) that tells the user what happens after they accept the prestige tokens. This is one of those bullet points.,[[translation:cc168d22-e389-4b80-8f7d-8039d21e9638]],,No,No
cc3d49ac-8663-4480-9b39-8423b498dab9,sendgrid_templates,,,yes,email,Change password,Change password, Breyta lykilor√∞i √° a√∞gangi,A part of an email that's sent to users when they request to reset their password,[[translation:cc3d49ac-8663-4480-9b39-8423b498dab9]],,No,No
ccc9e3dd-39ca-4e0f-a381-3073f06ae8a9,qa-crowdsourcing-api,src/routes/api/announcement/interface.ts,qa-crowdsourcing-api/src/routes/api/announcements/interface.ts,yes,text,August,August,√°g√∫st,The month,[[translation:ccc9e3dd-39ca-4e0f-a381-3073f06ae8a9]],/,No,No
cdba63bc-8764-4360-8f6d-d17b6da0b769,qa-crowdsourcing-app,,,yes,button,Create an account,Create an account,Mig vantar a√∞gang,Text on the register button when app is opened,[[translation:cdba63bc-8764-4360-8f6d-d17b6da0b769]],x,No,No
d26ce084-2e0c-4fb3-9241-1e2bc0e5e7a6,qa-crowdsourcing-api,src/routes/api/announcement/interface.ts,qa-crowdsourcing-api/src/routes/api/announcements/interface.ts,yes,text,Monday,Monday,m√°nudag,A day of the week,[[translation:d26ce084-2e0c-4fb3-9241-1e2bc0e5e7a6]],/,No,No
d692f3e6-c4e9-47b4-8fdb-e080669ee68b,qa-crowdsourcing-api,src/models/Questions/index.ts,qa-crowdsourcing-api/src/models/Questions/index.ts,maybe,error,Question must end in a question mark (?),Question must end in a question mark (?),Question must end in question mark,"An error shown to a user when they write a question but don't include ""?"" at the end",[[translation:d692f3e6-c4e9-47b4-8fdb-e080669ee68b]],/,No,No
d6ffe4e3-4a31-44f4-8961-b36d343400c2,qa-crowdsourcing-app,src/views/AuthCode/index.tsx,qa-crowdsourcing-app/src/views/AuthCode/index.tsx,yes,title,Confirmation code,Confirmation code,Sta√∞festingark√≥√∞i,Shown during the screen where users need to confirm their account,[[translation:d6ffe4e3-4a31-44f4-8961-b36d343400c2]],/,No,No
d940ddd4-1050-4d02-8490-f418f094d50e,qa-crowdsourcing-app,,,yes,text,"I also understand that if my contribution violates this pact, I will not have a chance to win any prizes.","I also understand that if my contribution violates this pact, I will not have a chance to win any prizes.",√âg skil einnig a√∞ ef mitt framlag br√Ωtur gegn √æessu hei√∞ursmannasamkomulagi √æ√° mun √©g ekki eiga m√∂guleika √° a√∞ vinna vinninga.,"Text following the integrity pledge user agrees to before playing. NOTE: If not implementing prizes then change this accordingly. eg: ""I understand that my questions may be removed""",[[translation:d940ddd4-1050-4d02-8490-f418f094d50e]],,No,No
d9e95a1f-d9e9-4f89-8c98-baca4805b55e,qa-crowdsourcing-app,src/components/organisms/Game/WriteQuestion/index.tsx,qa-crowdsourcing-app/src/components/organisms/Game/WriteQuestion/index.tsx,yes,error,The question is too short,The question is too short,Spurningin er ekki n√≥gu l√∂ng,Error shown to the user when the question is too short (in terms of characters),[[translation:d9e95a1f-d9e9-4f89-8c98-baca4805b55e]],/,No,No
db56bd2a-3bac-4283-aecf-8ce0e6a0e6b0,sendgrid_templates,,,yes,text,Support [LANGUAGE] in the digital world,Support [LANGUAGE] in the digital world,Auka m√∂guleika √æ√≠na √° a√∞ vinna vinninga,A motivational message shown to a user while playing,[[translation:db56bd2a-3bac-4283-aecf-8ce0e6a0e6b0]],,No,No
dde6ca46-20e4-4ee9-b3ef-2fda486360d3,qa-crowdsourcing-app,,,yes,text,Email,Email,Netfang,Text accompanying email text input fields,[[translation:dde6ca46-20e4-4ee9-b3ef-2fda486360d3]],,No,No
de0f29ad-e669-4cc8-94f5-13f37d3a6680,qa-crowdsourcing-app,,,yes,text,My password,My password,Mitt lykilor√∞,Placeholder text for password input during registration,[[translation:de0f29ad-e669-4cc8-94f5-13f37d3a6680]],,No,No
e27afca3-cc31-481f-9735-df2f9dfd4350,qa-crowdsourcing-api,src/routes/api/announcement/interface.ts,qa-crowdsourcing-api/src/routes/api/announcements/interface.ts,yes,text,January,January,jan√∫ar,The month,[[translation:e27afca3-cc31-481f-9735-df2f9dfd4350]],/,No,No
e2f5cedf-b998-4af8-a82d-a1d8cd3bd037,qa-crowdsourcing-api-retag,,,yes,error,Password missing,Password missing,√ûa√∞ vantar lykilor√∞,Error message that tells the user that they have not filled in the password,[[translation:e2f5cedf-b998-4af8-a82d-a1d8cd3bd037]],,No,No
e455478b-c64c-46c9-a5c0-c88446558008,qa-crowdsourcing-app,,,yes,text,Copied to clipboard!,Copied to clipboard!,Afritun √° hlekk t√≥kst,Text letting users know that what they copied was copied to the clipboard,[[translation:e455478b-c64c-46c9-a5c0-c88446558008]],,No,No
e64d9651-83b0-4444-b5b2-5fb2a1428624,qa-crowdsourcing-app,src/components/organisms/Game/GoogleSearch/index.tsx,qa-crowdsourcing-app/src/components/organisms/Game/GoogleSearch/index.tsx,yes,text,"No results, try another search query","No results, try another search query","Ekkert fannst, pr√≥fa√∞u annan leitarstreng",Shown when a google search results are empty,[[translation:e64d9651-83b0-4444-b5b2-5fb2a1428624]],/,No,No
e65b7ce4-027f-4a5f-a821-333a71d1804b,qa-crowdsourcing-app,src/components/organisms/Game/GoogleSearch/index.tsx,qa-crowdsourcing-app/src/components/organisms/Game/GoogleSearch/index.tsx,yes,button,I can't find the answer,I can't find the answer,√âg finn ekki svari√∞,"A part of a button users can click when they can¬¥t find the answer during a Google Search stage. This allows them to ""fail"" the task",[[translation:e65b7ce4-027f-4a5f-a821-333a71d1804b]],/,No,No
e762e8f0-30b5-4b38-9d0a-d072e85b6d15,qa-crowdsourcing-app,src/components/organisms/Game/Utils/SpanSelector/index.tsx,qa-crowdsourcing-app/src/components/organisms/Game/Utils/SpanSelector/index.tsx,yes,text,Do you want to change the highlighed answer snippet?,Do you want to change the highlighed answer snippet?,Viltu breyta valinu?,Once users have selected an answer span in a paragraph to answer a particular question they are given the option to edit their span if they so choose,[[translation:e762e8f0-30b5-4b38-9d0a-d072e85b6d15]],/,No,No
e7b7d7ef-397a-4f09-a408-16fdabd6a0c4,qa-crowdsourcing-app,,,yes,button,Start playing,Start playing,Hefja leik,"A button telling user, that hasn't started playing (ever), to start playing the game",[[translation:e7b7d7ef-397a-4f09-a408-16fdabd6a0c4]],,No,No
e7d3ddaf-5f0d-42cd-97a8-97bd47bb44e6,qa-crowdsourcing-api,src/models/Users/index.ts,qa-crowdsourcing-api/src/models/Users/index.ts,yes,error,Username missing,Username missing,√ûa√∞ vantar notandanafn,An error shown to a user when they register but do not provide a username,[[translation:e7d3ddaf-5f0d-42cd-97a8-97bd47bb44e6]],/,No,No
e7e5652d-fcd7-40e2-a033-b6d8762ae5d6,qa-crowdsourcing-api-retag,,,yes,notification / text,"In the past 24 hours, the community has found answers to ${answerCount} questions asked by you. See the answers in the app.","In the past 24 hours, the community has found answers to ${answerCount} questions asked by you. See the answers in the app.",S√≠√∞astli√∞inn s√≥larhring hafa a√∞rir notendur svara√∞ ${answerCount} spurningum fr√° √æ√©r. Sj√°√∞u sv√∂rin √≠ appinu.,Push notification sent to users. Tells them that in the last 24h other users have answered _ many questions you've asked. It then tells the user to open up the app to see the answers,[[translation:e7e5652d-fcd7-40e2-a033-b6d8762ae5d6]],,No,No
e947297f-ca51-49a8-8679-a56b69e43d99,qa-crowdsourcing-api,src/routes/api/announcement/interface.ts,qa-crowdsourcing-api/src/routes/api/announcements/interface.ts,yes,text,November,November,n√≥vember,The month,[[translation:e947297f-ca51-49a8-8679-a56b69e43d99]],/,No,No
ed3713df-4b8b-447a-b97b-e5b0bc29e399,qa-crowdsourcing-app,src/components/organisms/Game/ReviewAnswer/index.tsx,qa-crowdsourcing-app/src/components/organisms/Game/ReviewAnswer/index.tsx,yes,prompt / text,If the answer is incorrect then we will delete it,If the answer is incorrect then we will delete it,Ef svari√∞ er vitlaust merkt √æ√° ey√∞um vi√∞ svarinu.,"When reviewing answer spans, users have the chance to say that the span doesnt answer the question. If they do so, they're prompted with this text",[[translation:ed3713df-4b8b-447a-b97b-e5b0bc29e399]],/,No,No
edd26d32-2fba-47af-bf38-f2e53a708482,qa-crowdsourcing-api,src/routes/api/announcement/interface.ts,qa-crowdsourcing-api/src/routes/api/announcements/interface.ts,yes,text,October,October,okt√≥ber,The month,[[translation:edd26d32-2fba-47af-bf38-f2e53a708482]],/,No,No
eeec7d49-6ba9-45f6-ba92-3c6d6c899ddb,qa-crowdsourcing-app,src/components/atoms/cards/AnswerItem/index,qa-crowdsourcing-app/src/components/atoms/cards/AnswerItem/index,yes,text,Think you can find it? Tap here!,Think you can find it? Tap here!,√ùttu h√©r til a√∞ finna svari√∞ sj√°lf/ur,A user has submitted a question which another user failed to find an answer to. This text is shown to the user that asked the question.. giving them recourse if they want to find the answer them selves,[[translation:eeec7d49-6ba9-45f6-ba92-3c6d6c899ddb]],/,No,No
f1af8ed8-14f6-491d-ab60-cf24c9434138,qa-crowdsourcing-app,src/components/organisms/Users/ScoreCard/index.tsx,qa-crowdsourcing-app/src/components/organisms/Users/ScoreCard/index.tsx,maybe,title,Reviewed answers,Reviewed answers,Yfirfarin sv√∂r,"This is a part of a users ""Scorecard"" where they can see the amount of reviewed answers",[[translation:f1af8ed8-14f6-491d-ab60-cf24c9434138]],/,No,No
f1c66777-721a-4389-b680-6b74994242dd,qa-crowdsourcing-app,,,yes,text,"I pledge to play the game with integrity. I will write understandable questions, I will answer to the best of my ability and review questions and answers to the best of my ability.","I pledge to play the game with integrity. I will write understandable questions, I will answer to the best of my ability and review questions and answers to the best of my ability.","√âg heiti √æv√≠ a√∞ spila leikinn af heilindum. √âg mun skrifa skiljanlegar spurningar, √©g mun svara eftir minni bestu getu og fara yfir spurningar og sv√∂r eftir minni bestu samvisku.",The integrity pledge itself,[[translation:f1c66777-721a-4389-b680-6b74994242dd]],,No,No
f2afc6de-75b2-4aa2-b029-c77e7cd012cc,qa-crowdsourcing-api-retag,,,yes,error,Confirmation code must be ${VERIFICATION_CODE_LENGTH} digits long.,Confirmation code must be ${VERIFICATION_CODE_LENGTH} digits long.,Sta√∞festingark√≥√∞i ver√∞ur a√∞ vera ${VERIFICATION_CODE_LENGTH} t√∂lur,An error message telling a user that a confirmation code needs to be _ digits long,[[translation:f2afc6de-75b2-4aa2-b029-c77e7cd012cc]],,No,No
f4d47e66-2a3b-4884-b6dc-072523624da1,qa-crowdsourcing-api,src/routes/api/announcement/interface.ts,qa-crowdsourcing-api/src/routes/api/announcements/interface.ts,yes,text,December,December,desember,The month,[[translation:f4d47e66-2a3b-4884-b6dc-072523624da1]],/,No,No
f61875f1-9689-4062-af19-f58323279e65,qa-crowdsourcing-app,,,yes,text,Today,Today,√≠ dag,"Used for the line chart. The x-axis is time and ""today"" is used as the right most label",[[translation:f61875f1-9689-4062-af19-f58323279e65]],,No,No
f6ab86ad-bc49-4f38-b326-dac2617651b7,qa-crowdsourcing-app,,,yes,text,You keep your position on the leaderboard,You keep your position on the leaderboard,√û√∫ heldur √æ√≠nu s√¶ti √° stigat√∂flununi,When users complete the gaim they are given prestige tokens. In that screen they are given a list (as a multiple bullet points) that tells the user what happens after they accept the prestige tokens. This is one of those bullet points.,[[translation:f6ab86ad-bc49-4f38-b326-dac2617651b7]],,No,No
f79ee784-1409-4baa-9bb8-d99bb85ede8c,qa-crowdsourcing-app,src/components/organisms/Game/ReviewAnswer/index.tsx,qa-crowdsourcing-app/src/components/organisms/Game/ReviewAnswer/index.tsx,yes,text,Is the highlighted answer snippet too long?,Is the highlighted answer snippet too long?,Eru of m√∂rg or√∞ valin?,During the review answer stage a user (the reviewer) can flag the question if too many words were selected as a part of the span. NOTE: this question/prompt must be translated so that if a user responds with 'yes' then the question is a bad question and will be deleted because the aswer is too long.,[[translation:f79ee784-1409-4baa-9bb8-d99bb85ede8c]],/,No,No
f9afe8c8-ea5e-495b-a96c-0e1ab5007d44,qa-crowdsourcing-app,,,yes,text,Password (again),Password (again),Lykilor√∞ (aftur),Text accompanying second password field during registration,[[translation:f9afe8c8-ea5e-495b-a96c-0e1ab5007d44]],,No,No
fa7a48e5-0b40-4a24-9edb-ef614c645e13,qa-crowdsourcing-app,src/components/organisms/Game/Utils/SpanSelector/index.tsx,qa-crowdsourcing-app/src/components/organisms/Game/Utils/SpanSelector/index.tsx,yes,instruction,Tap the text to choose again,Tap the text to choose again,Smelltu aftur √° textann til a√∞ velja aftur,Instructions for a user if they want to select a different answer span,[[translation:fa7a48e5-0b40-4a24-9edb-ef614c645e13]],/,No,No
faceb97a-63cc-48e1-9b5b-7917546711b2,qa-crowdsourcing-api,src/models/Users/statics.ts,qa-crowdsourcing-api/src/models/Users/statics.ts,yes,error / text,Passwords need to match,Passwords need to match,Lykilor√∞ ver√∞a a√∞ vera eins,An error shown to users when registering and the passwords don't match,[[translation:faceb97a-63cc-48e1-9b5b-7917546711b2]],/,No,No
fcf6cdd8-0f87-4fbc-b11c-5ac09432f813,qa-crowdsourcing-app,src/views/ArticleReader/index.tsx,qa-crowdsourcing-app/src/views/ArticleReader/index.tsx,yes,error / text,Unable to fetch article,Unable to fetch article,Ekki t√≥kst a√∞ s√¶kja grein,"Sometimes, during the google search stage, there might be an error fetching a specific article",[[translation:fcf6cdd8-0f87-4fbc-b11c-5ac09432f813]],/,No,No
fd1f418f-135f-4b13-b28b-eb6a543cc579,qa-crowdsourcing-app,src/components/organisms/Game/WriteQuestion/index.tsx,qa-crowdsourcing-app/src/components/organisms/Game/WriteQuestion/index.tsx,yes,error / text,Question must end in a question mark (?),Question must end in a question mark (?),Spurningin ver√∞ur a√∞ enda √° spurningarmerki,"Error shown to the user if they don't end the question with ""?""",[[translation:fd1f418f-135f-4b13-b28b-eb6a543cc579]],/,No,No
fe71a409-084d-4a8f-99fc-41f721f4a958,qa-crowdsourcing-api,src/routes/api/announcement/interface.ts,qa-crowdsourcing-api/src/routes/api/announcements/interface.ts,yes,text,May,May,ma√≠,The month,[[translation:fe71a409-084d-4a8f-99fc-41f721f4a958]],/,No,No
feda1bfa-88a7-45bc-bd13-993a95e36c02,qa-crowdsourcing-app,,,yes,title,Community Impact,Community Impact,Lei√∞in a√∞ 100 √æ√∫sund,The title accompanying the linechart showing the number of questions gathered over time.,[[translation:feda1bfa-88a7-45bc-bd13-993a95e36c02]],,No,No
ffa22022-0151-47c4-bc9c-4645eef5af50,qa-crowdsourcing-app,src/routing/routes.ts,qa-crowdsourcing-app/src/routing/routes.ts,yes,title,Hiscores,Hiscores,Stigatafla,Single word (preferably) that is used as a tab in the bottom navigator to access the hiscores,[[translation:ffa22022-0151-47c4-bc9c-4645eef5af50]],/,No,No
ffa3d402-e5bd-45af-a075-499958d9feef,qa-crowdsourcing-api,src/routes/api/announcement/interface.ts,qa-crowdsourcing-api/src/routes/api/announcements/interface.ts,yes,text,April,April,apr√≠l,The month,[[translation:ffa3d402-e5bd-45af-a075-499958d9feef]],/,No,No